Test Number,Name,Score,Average Time,Average Congruent Time,Average Incongruent Time,Flanker Effect
1,NoName,4,0.4472823,0.6020294,0.3441176,0.2579118
2,NoName,4,0.4472823,0.6020294,0.3441176,0.2579118
3,NoName,4,0.4472823,0.6020294,0.3441176,0.2579118
4,NoName,4,0.4472823,0.6020294,0.3441176,0.2579118
5,Connor,9,1.098708,0.9392959,1.337825,0.3985292
6,Connor,10,0.9246562,0.934514,0.9204316,0.01408249
7,Connor,10,0.8269346,0.7302498,0.8913911,0.1611413
