Test Number,Name,Score,Average Time,Average Congruent Time,Average Incongruent Time,Flanker Effect
1,NoName,4,0.4472823,0.6020294,0.3441176,0.2579118
2,NoName,4,0.4472823,0.6020294,0.3441176,0.2579118
3,NoName,4,0.4472823,0.6020294,0.3441176,0.2579118
4,NoName,4,0.4472823,0.6020294,0.3441176,0.2579118
